<?xml version="1.0" encoding="UTF-8"?>
<beans xmlns="http://www.springframework.org/schema/beans"
  xmlns:context="http://www.springframework.org/schema/context"
  xmlns:xsi="http://www.w3.org/2001/XMLSchema-instance"
  xmlns:mvc="http://www.springframework.org/schema/mvc"
  xsi:schemaLocation="
        http://www.springframework.org/schema/beans
        http://www.springframework.org/schema/beans/spring-beans.xsd
        http://www.springframework.org/schema/mvc
        http://www.springframework.org/schema/mvc/spring-mvc.xsd
        http://www.springframework.org/schema/context
        http://www.springframework.org/schema/context/spring-context.xsd ">

  <!-- Scans the classpath and gets all the @Controller annotated classes accessible as beans. --> 
  <context:component-scan base-package="jead.proiect.teodora.controller" />
  
  <!-- Configure a ViewResolver to find our JSPs. -->	
  <bean class="org.springframework.web.servlet.view.InternalResourceViewResolver">
    <property name="viewClass" value="org.springframework.web.servlet.view.JstlView"/>
    <property name="prefix" value="/WEB-INF/jsp/" />
    <property name="suffix" value=".jsp" />
  </bean>

  <!-- Map static resources like css, js or images -->
  <mvc:resources mapping="/resources/**" location="/resources/" />

  <!-- Configures the annotation-driven Spring MVC Controller programming model. -->
  <mvc:annotation-driven />
</beans>