<beans xmlns="http://www.springframework.org/schema/beans"
	xmlns:xsi="http://www.w3.org/2001/XMLSchema-instance" 
	xmlns:tx="http://www.springframework.org/schema/tx"
	xmlns:context="http://www.springframework.org/schema/context"
	xmlns:jpa="http://www.springframework.org/schema/data/jpa"
	xsi:schemaLocation="http://www.springframework.org/schema/beans http://www.springframework.org/schema/beans/spring-beans.xsd
		http://www.springframework.org/schema/context http://www.springframework.org/schema/context/spring-context.xsd
		http://www.springframework.org/schema/data/jpa http://www.springframework.org/schema/data/jpa/spring-jpa.xsd 
		http://www.springframework.org/schema/tx http://www.springframework.org/schema/tx/spring-tx.xsd">

	<!-- Activates various annotations to be detected in bean classes -->
	<context:annotation-config />
	
		
	<!-- Scans the classpath of this application for @Component to deploy as beans. 
	     Excluding controllers, which are scanned in Servlet context (*-servlet.xml)
	-->
	<context:component-scan base-package="jead.proiect.teodora">
		<context:exclude-filter type="annotation" expression="org.springframework.stereotype.Controller" />
	</context:component-scan>
		
	<jpa:repositories base-package="jead.proiect.teodora.repository"/>

	<bean class="org.springframework.orm.jpa.support.PersistenceAnnotationBeanPostProcessor" />

	<bean id="entityManagerFactory"	class="org.springframework.orm.jpa.LocalContainerEntityManagerFactoryBean">
		<property name="persistenceUnitName" value="punit" />
		<property name="dataSource" ref="dataSource" />
		<property name="jpaVendorAdapter">
			<bean class="org.springframework.orm.jpa.vendor.HibernateJpaVendorAdapter">
				<property name="showSql" value="false" />
			</bean>
		</property>
		
		 <!-- JPA Vendor specific properties -->
		<property name="jpaPropertyMap">
			<map>
				<entry key="hibernate.dialect" value="org.hibernate.dialect.MySQL8Dialect" />
				<!--entry key="hibernate.hbm2ddl.auto" value="create-drop" /-->
				<entry key="hibernate.hbm2ddl.auto" value="update" />				
				<entry key="hibernate.format_sql" value="true" />
				<entry key="hibernate.show_sql" value="false" />
			</map>
		</property>

	</bean>

	<bean id="transactionManager" class="org.springframework.orm.jpa.JpaTransactionManager">
		<property name="entityManagerFactory" ref="entityManagerFactory"/>
	</bean>
	
	<tx:annotation-driven transaction-manager="transactionManager"/>

	<!-- The database connection details -->
	<bean id="dataSource" class="org.springframework.jdbc.datasource.DriverManagerDataSource">
		<property name="driverClassName" value="com.mysql.cj.jdbc.Driver" />
		<property name="url" value="jdbc:mysql://localhost:3306/teodora?autoReconnect=true" />
		<property name="username" value="root" />
		<property name="password" value="" />
	</bean>

</beans>